<?xml version="1.0" encoding="UTF-8"?>
<project-private xmlns="http://www.netbeans.org/ns/project-private/1">
    <editor-bookmarks xmlns="http://www.netbeans.org/ns/editor-bookmarks/2" lastBookmarkId="0"/>
    <open-files xmlns="http://www.netbeans.org/ns/projectui-open-files/2">
        <group>
            <file>file:/D:/Escritorio/Universidad/8vo%20semestre/Ayudantia/Pruebas%20unitarias%20ejemplos/PruebasUnitariasEjemplo/src/mensajeria/Celular.java</file>
            <file>file:/D:/Escritorio/Universidad/8vo%20semestre/Ayudantia/Pruebas%20unitarias%20ejemplos/PruebasUnitariasEjemplo/test/mensajeria/CelularTest.java</file>
        </group>
    </open-files>
</project-private>
